procode,peer
R0A,R0A
R0A,R1H
R0A,RJE
R0A,RRK
R0A,RHQ
R0A,RR8
R0A,RVV
R0A,RTR
R0A,RX1
R0A,RHM
R0A,RXF
R1A,R1A
R1A,RMY
R1A,RDY
R1A,RVN
R1A,RT5
R1A,RP7
R1A,RJ8
R1A,RWR
R1A,R1C
R1A,RW1
R1A,RXG
R1C,R1C
R1C,RVN
R1C,RX2
R1C,R1L
R1C,RDY
R1C,R1A
R1C,RXA
R1C,RY2
R1C,RW1
R1C,RWR
R1C,RW5
R1D,R1D
R1D,RY8
R1D,RNN
R1D,RY5
R1D,RV9
R1D,RH5
R1D,RP7
R1D,RT5
R1D,RWX
R1D,RDY
R1D,RCD
R1F,R1F
R1F,RA9
R1F,RTF
R1F,RJL
R1F,RH5
R1F,RGP
R1F,RJR
R1F,RTX
R1F,RBT
R1F,RPA
R1F,RK9
R1H,R1H
R1H,RJ1
R1H,RAL
R1H,RYJ
R1H,R0A
R1H,RRV
R1H,RF4
R1H,RR8
R1H,RJZ
R1H,RHQ
R1H,R1K
R1J,RTQ
R1J,RH5
R1J,RNN
R1J,RYF
R1J,RV9
R1J,RPC
R1J,RY5
R1J,RY8
R1J,RL1
R1J,RBT
R1J,R1D
R1K,R1K
R1K,RF4
R1K,RJ6
R1K,RQM
R1K,RWG
R1K,RYJ
R1K,RTK
R1K,RJ7
R1K,RJ1
R1K,RAX
R1K,RAL
R1L,R1L
R1L,RX2
R1L,RXY
R1L,RPG
R1L,RMY
R1L,RVN
R1L,R1C
R1L,RDY
R1L,RT1
R1L,RXE
R1L,RWR
RA2,RA2
RA2,RTP
RA2,RWF
RA2,RXQ
RA2,RN3
RA2,RTK
RA2,RHW
RA2,RQW
RA2,RTE
RA2,RWG
RA2,RC9
RA3,RA7
RA3,RBD
RA3,RAJ
RA3,RJR
RA3,R0D
RA3,RGP
RA3,RJL
RA3,RA9
RA3,RWA
RA3,RYR
RA4,RH5
RA4,RNZ
RA4,RBD
RA4,RH8
RA4,RGR
RA4,RWF
RA4,RM1
RA4,RTE
RA4,RA2
RA4,RLQ
RA7,RA7
RA7,RYR
RA7,RPA
RA7,R0D
RA7,RJR
RA7,RAJ
RA7,RVJ
RA7,RD1
RA7,RBT
RA9,RA9
RA9,RTF
RA9,RJL
RA9,RK9
RA9,RJR
RA9,R1F
RA9,RGP
RA9,RXC
RA9,RH5
RA9,RBT
RA9,RRF
RAE,RAE
RAE,RBK
RAE,RXK
RAE,RFR
RAE,RFF
RAE,RMP
RAE,RMC
RAE,RNA
RAE,RM3
RAE,RXR
RAE,RWY
RAJ,RAJ
RAJ,R0D
RAJ,RN7
RAJ,RJR
RAJ,RPA
RAJ,RYR
RAJ,RA7
RAJ,RRF
RAJ,R0B
RAL,RAL
RAL,RYJ
RAL,RJ1
RAL,RJZ
RAL,RJ7
RAL,RRV
RAL,RQM
RAL,R1K
RAL,RF4
RAL,RDU
RAL,RVR
RAN,RAN
RAN,RPC
RAN,RJ1
RAN,RP6
RAN,RYX
RAN,RPY
RAN,RQY
RAN,RTP
RAN,RRJ
RAN,RJ7
RAN,RC9
RAP,RAP
RAP,RJ2
RAP,RJ6
RAP,RKE
RAP,RF4
RAP,R1K
RAP,RQX
RAP,RAS
RAP,RQM
RAP,RJZ
RAP,RN7
RAS,RAS
RAS,RJ6
RAS,RC9
RAS,RQW
RAS,RWH
RAS,RVR
RAS,RN7
RAS,RTP
RAS,RWG
RAS,RKE
RAS,RJ7
RAT,RAT
RAT,RV3
RAT,RWK
RAT,RQY
RAT,RYX
RAT,RY5
RAT,RY2
RAT,RY7
RAT,RPG
RAT,RX4
RAT,RWX
RAX,RAX
RAX,RTK
RAX,RWG
RAX,RTP
RAX,RJ7
RAX,RQM
RAX,RVR
RAX,R1K
RAX,RAS
RAX,RJ6
RAX,RN7
RBA,RH5
RBA,RBD
RBA,RGR
RBA,RTF
RBA,R1F
RBA,RTE
RBA,RH8
RBA,RA9
RBA,RM1
RBA,RNZ
RBA,RTX
RBD,RBD
RBD,RH5
RBD,RH8
RBD,RGR
RBD,RNZ
RBD,RWF
RBD,RA7
RBD,RA9
RBD,RTE
RBD,RJL
RBK,RBK
RBK,RAE
RBK,RXK
RBK,RNA
RBK,RMP
RBK,RMC
RBK,RFR
RBK,RFF
RBK,RXR
RBK,RLT
RBK,RM3
RBL,RBL
RBL,RWW
RBL,RR7
RBL,RXL
RBL,R0B
RBL,RVW
RBL,RMC
RBL,RRF
RBL,RGP
RBL,RMP
RBN,RBN
RBN,R0B
RBN,RM3
RBN,RWA
RBN,RAJ
RBN,RRF
RBN,RR7
RBN,RVW
RBN,RYR
RBQ,RBQ
RBQ,REN
RBQ,RET
RBQ,RBV
RBQ,RXG
RBQ,RRJ
RBQ,R1F
RBQ,RRF
RBQ,RXL
RBQ,RR7
RBQ,R0B
RBS,RBS
RBS,RCU
RBS,RQ3
RBS,RW4
RBS,RY7
RBS,RP4
RBS,RAT
RBS,RMC
RBS,RYV
RBS,RVW
RBT,RBT
RBT,RJN
RBT,RJR
RBT,RWJ
RBT,RPA
RBT,RA9
RBT,R0D
RBT,R1F
RBT,RD1
RBT,RCD
RBT,RAJ
RBV,RBV
RBV,REN
RBV,RBQ
RBV,RPY
RBV,RRJ
RBV,RGM
RBV,RL1
RBV,RET
RBV,RJ1
RBV,RAN
RBV,RRF
RBZ,RH8
RBZ,RBD
RBZ,RH5
RBZ,RNZ
RBZ,RGR
RBZ,RM1
RBZ,RTF
RBZ,RLQ
RBZ,RNN
RBZ,RA9
RC1,RC9
RC1,RD8
RC1,RNQ
RC1,RNS
RC1,RXQ
RC1,RCF
RC1,RLT
RC1,RCD
RC1,RFS
RC1,RWH
RC9,RC9
RC9,RAS
RC9,RD8
RC9,RWY
RC9,RWG
RC9,RQW
RC9,RTP
RC9,RWH
RC9,RK5
RC9,RTK
RCB,RCB
RCB,RH8
RCB,RVV
RCB,RWD
RCB,REF
RCB,RTE
RCB,RDE
RCB,RWP
RCB,RM1
RCB,RN5
RCB,RGT
RCD,RCD
RCD,RJN
RCD,RJC
RCD,RCF
RCD,RXW
RCD,RFS
RCD,RBT
RCD,RNQ
RCD,RWP
RCD,RC9
RCD,RNS
RCF,RCF
RCF,RFS
RCF,RNQ
RCF,RXW
RCF,RFF
RCF,RCD
RCF,RJN
RCF,RBT
RCF,RK5
RCF,RP5
RCF,RC9
RCU,RCU
RCU,RQ3
RCU,RBS
RCU,RP4
RCU,RYV
RCU,RY6
RCU,RY5
RCU,RY7
RCU,RAT
RCU,RP1
RCU,RFR
RCX,RCX
RCX,RNN
RCX,RLQ
RCX,RGP
RCX,RJL
RCX,RM1
RCX,RTX
RCX,RH5
RCX,RK9
RCX,RWD
RCX,RH8
RD1,RD1
RD1,RTE
RD1,RAJ
RD1,RWF
RD1,RYR
RD1,RJR
RD1,RWP
RD1,RBT
RD1,RGR
RD1,RTX
RD3,R0D
RD3,RAJ
RD3,RJR
RD3,RPA
RD3,RN7
RD3,RBT
RD3,RYR
RD3,RA7
RD8,RD8
RD8,RNS
RD8,RC9
RD8,RXQ
RD8,RLT
RD8,RNQ
RD8,RWH
RD8,RK5
RD8,RJC
RD8,RCD
RDD,RAJ
RDD,RN7
RDD,R0D
RDD,RYR
RDD,RPA
RDD,RJR
RDD,RA7
RDD,RF4
RDE,RDE
RDE,RTE
RDE,RYR
RDE,RTD
RDE,RCB
RDE,RH8
RDE,RM1
RDE,RD1
RDE,RWF
RDE,RK9
RDR,RDR
RDR,RYY
RDR,RXY
RDR,RP1
RDR,RY4
RDR,RY9
RDR,RXX
RDR,RYW
RDR,RDY
RDR,R1D
RDR,R1L
RDU,RDU
RDU,RHW
RDU,RTH
RDU,RAL
RDU,RJ7
RDU,RAX
RDU,RXQ
RDU,RTP
RDU,RTK
RDU,RVR
RDU,R1K
RDY,RDY
RDY,RW1
RDY,R1A
RDY,RX2
RDY,R1C
RDY,RJ8
RDY,R1L
RDY,RXY
RDY,RV9
RDY,R1D
RDY,RW5
RDZ,R0D
RDZ,RJR
RDZ,RAJ
RDZ,RPA
RDZ,RYR
RDZ,RWJ
RDZ,RRF
RDZ,RWW
RE9,R0B
RE9,RR7
RE9,RVW
RE9,RBL
RE9,RRF
RE9,RWW
RE9,RXL
RE9,RMC
RE9,RGP
RE9,RM3
REF,REF
REF,RH8
REF,RNN
REF,RK9
REF,RWD
REF,RM1
REF,RTX
REF,RCB
REF,RTR
REF,RWA
REF,RGN
REM,REM
REM,RBL
REM,RXR
REM,RM3
REM,RR7
REM,RMC
REM,RXL
REM,RVW
REM,R0B
REN,REN
REN,RBQ
REN,RBV
REN,RET
REN,RPY
REN,RRJ
REN,RXG
REN,RL1
REN,R1F
REN,RXL
REN,RRF
REP,REP
REP,RY7
REP,RET
REP,RLY
REP,RWK
REP,RXA
REP,RY2
REP,RAT
REP,RX4
REP,RMC
REP,RXT
RET,RET
RET,RBQ
RET,RXL
RET,RY7
RET,RXG
RET,RR7
RET,RY2
RET,RRJ
RET,RV9
RET,RWW
RET,RBL
RF4,RF4
RF4,R1K
RF4,RJ6
RF4,RAJ
RF4,RJ2
RF4,RHU
RF4,RJZ
RF4,RN7
RF4,RJ1
RF4,RVR
RF4,RAL
RFF,RFF
RFF,RCF
RFF,RFR
RFF,RP5
RFF,RFS
RFF,RRF
RFF,RK5
RFF,RR7
RFF,RWY
RFF,RNQ
RFF,RAE
RFR,RFR
RFR,RFF
RFR,RP5
RFR,RRF
RFR,RWY
RFR,RM3
RFR,RR7
RFR,RMC
RFR,RAE
RFR,RWJ
RFR,RMP
RFS,RFS
RFS,RCF
RFS,RXW
RFS,RNQ
RFS,RNS
RFS,RFF
RFS,RK5
RFS,RCD
RFS,RWP
RFS,RLT
RFS,RWY
RGD,RGD
RGD,RXT
RGD,RVN
RGD,RT5
RGD,RHA
RGD,RXA
RGD,RWR
RGD,RX4
RGD,R1A
RGD,RXE
RGD,RLY
RGM,RGM
RGM,RL1
RGM,RBV
RGM,RPC
RGM,RH5
RGM,RC9
RGM,RA2
RGM,RPY
RGM,RGR
RGM,RNZ
RGN,RGN
RGN,RN5
RGN,RN3
RGN,RH8
RGN,RGT
RGN,REF
RGN,RHM
RGN,RHU
RGN,RWD
RGN,RD1
RGN,RJE
RGP,RGP
RGP,RJL
RGP,RA9
RGP,RWW
RGP,RJR
RGP,R1F
RGP,RR7
RGP,RK9
RGP,RTF
RGP,RVW
RGP,RBN
RGR,RGR
RGR,RH5
RGR,RNZ
RGR,RM1
RGR,RTE
RGR,RBD
RGR,RWP
RGR,RD1
RGR,RWF
RGR,RAJ
RGT,RGT
RGT,RTH
RGT,RN5
RGT,RHW
RGT,RGN
RGT,RN3
RGT,RCB
RGT,RDE
RGT,RXQ
RGT,RTE
RGT,RWF
RH5,RH5
RH5,RTQ
RH5,RV9
RH5,RNN
RH5,RYF
RH5,RY5
RH5,RBT
RH5,RY8
RH5,RY7
RH5,RY2
RH5,R1D
RH8,RH8
RH8,REF
RH8,RTX
RH8,RWD
RH8,RCB
RH8,RK9
RH8,RTR
RH8,RNN
RH8,RM1
RH8,RDE
RH8,RTE
RHA,RHA
RHA,RT5
RHA,RXT
RHA,RGD
RHA,RW5
RHA,RY8
RHA,RY5
RHA,RX4
RHA,RXM
RHA,RY2
RHA,R1D
RHM,RHM
RHM,RHU
RHM,RGN
RHM,RVV
RHM,RN5
RHM,RJE
RHM,RYR
RHM,RDE
RHM,RVJ
RHM,RWA
RHQ,RHQ
RHQ,RX1
RHQ,RR8
RHQ,RJE
RHQ,RTG
RHQ,RXF
RHQ,RKB
RHQ,RM3
RHQ,RTD
RHQ,RWE
RHQ,RTR
RHU,RHU
RHU,RYR
RHU,RHM
RHU,RAJ
RHU,RVJ
RHU,RF4
RHU,RWA
RHU,RD1
RHU,RGN
RHW,RHW
RHW,RXQ
RHW,RN3
RHW,RDU
RHW,RN5
RHW,RTH
RHW,RWG
RHW,RGT
RHW,RTP
RHW,RA2
RHW,RD8
RJ1,RJ1
RJ1,RAL
RJ1,RYJ
RJ1,RRV
RJ1,RJZ
RJ1,RQM
RJ1,R1K
RJ1,RF4
RJ1,RJ7
RJ1,R1H
RJ1,RJ6
RJ2,RJ2
RJ2,RJ6
RJ2,RAP
RJ2,RF4
RJ2,RAS
RJ2,RKE
RJ2,RVR
RJ2,RN7
RJ2,R1K
RJ2,RAJ
RJ2,RJZ
RJ6,RJ6
RJ6,RAS
RJ6,RKE
RJ6,RJ2
RJ6,RN7
RJ6,RJ7
RJ6,R1K
RJ6,RF4
RJ6,RVR
RJ6,RAJ
RJ6,RAP
RJ7,RJ7
RJ7,RJ6
RJ7,RYJ
RJ7,RRV
RJ7,RAX
RJ7,RVR
RJ7,RAL
RJ7,RTP
RJ7,RN7
RJ7,RAS
RJ7,R1K
RJ8,RJ8
RJ8,R1A
RJ8,RDY
RJ8,RMY
RJ8,RNN
RJ8,RV9
RJ8,RP7
RJ8,RL1
RJ8,RXG
RJ8,RW1
RJ8,RY3
RJC,RJC
RJC,RCD
RJC,RXW
RJC,RFS
RJC,RNQ
RJC,RNS
RJC,RWP
RJC,RJN
RJC,RD8
RJC,RC9
RJC,RCF
RJE,RJE
RJE,RHQ
RJE,RX1
RJE,RR8
RJE,RTR
RJE,RXF
RJE,RVV
RJE,RXN
RJE,RCB
RJE,RTG
RJE,RGN
RJL,RJL
RJL,RK9
RJL,RA9
RJL,RGP
RJL,RJR
RJL,RTF
RJL,R1F
RJL,RTX
RJL,RP5
RJL,RNN
RJL,RXC
RJN,RJN
RJN,RBT
RJN,RCD
RJN,RWJ
RJN,RCF
RJN,RAJ
RJN,RJR
RJN,RFS
RJN,RNQ
RJN,R1F
RJN,RD1
RJR,RJR
RJR,RA9
RJR,R0D
RJR,RJL
RJR,RPA
RJR,RK9
RJR,RBT
RJR,RAJ
RJR,RYR
RJZ,RJZ
RJZ,RAL
RJZ,RJ1
RJZ,RYJ
RJZ,RF4
RJZ,RQM
RJZ,R1K
RJZ,RJ2
RJZ,RJ7
RJZ,RAP
RJZ,RJ6
RK5,RK5
RK5,RNQ
RK5,RWY
RK5,RNS
RK5,RFS
RK5,RWP
RK5,RFF
RK5,RCF
RK5,RXW
RK5,RLT
RK5,RXF
RK9,RK9
RK9,RJL
RK9,RA9
RK9,RTX
RK9,RJR
RK9,RTF
RK9,RNN
RK9,RXC
RK9,RGP
RK9,RYR
RK9,RWA
RKB,RKB
RKB,RX1
RKB,RTG
RKB,RXF
RKB,RNA
RKB,RR8
RKB,RNS
RKB,RD8
RKB,RK5
RKB,RHQ
RKB,RJE
RKE,RKE
RKE,RQX
RKE,RJ6
RKE,RAS
RKE,RAP
RKE,RJ7
RKE,RJ2
RKE,RN7
RKE,R1K
RKE,RC9
RKE,RRV
RL1,RL1
RL1,RNN
RL1,RGM
RL1,RTQ
RL1,RPC
RL1,RY8
RL1,RH5
RL1,RV9
RL1,R1F
RL1,RXW
RL4,RL4
RL4,RWY
RL4,RR8
RL4,RX1
RL4,RXK
RL4,RFR
RL4,RNA
RL4,RK5
RL4,RXF
RL4,RHQ
RL4,RM3
RLN,R0B
RLN,RR7
RLN,RRF
RLN,RM3
RLN,RVW
RLN,RP5
RLN,RBN
RLN,RBL
RLN,RXL
RLN,RWW
RLQ,RLQ
RLQ,RNN
RLQ,RWD
RLQ,RM1
RLQ,RH5
RLQ,RXW
RLQ,RGR
RLQ,RTX
RLQ,RCX
RLQ,RH8
RLQ,RNZ
RLT,RLT
RLT,RNS
RLT,RNQ
RLT,RD8
RLT,RNA
RLT,RFS
RLT,RC9
RLT,RK5
RLT,RCF
RLT,RWY
RLY,RLY
RLY,RXG
RLY,RTQ
RLY,RP7
RLY,RVN
RLY,RXA
RLY,RXE
RLY,RXM
RLY,RET
RLY,RMY
RLY,RRJ
RM1,RM1
RM1,RGR
RM1,RWD
RM1,RH5
RM1,RLQ
RM1,RTE
RM1,RWP
RM1,RTX
RM1,RH8
RM1,RNN
RM1,RXW
RM3,RM3
RM3,RRF
RM3,R0B
RM3,RR7
RM3,RP5
RM3,RFR
RM3,RWJ
RM3,RXL
RM3,RMC
RM3,RBN
RMC,RMC
RMC,RMP
RMC,RXR
RMC,RBL
RMC,RWW
RMC,RR7
RMC,RXL
RMC,RFR
RMC,RM3
RMC,RRF
RMC,RP5
RMP,RMP
RMP,RMC
RMP,RWW
RMP,RBL
RMP,RFR
RMP,RAE
RMP,RR7
RMP,RBK
RMP,RXR
RMP,RWJ
RMP,RM3
RMY,RMY
RMY,RXE
RMY,RP7
RMY,RY3
RMY,RVN
RMY,R1A
RMY,RTQ
RMY,R1L
RMY,RXA
RMY,RT1
RMY,RWR
RN3,RN3
RN3,RN5
RN3,RHW
RN3,RXQ
RN3,RTE
RN3,RD1
RN3,RGR
RN3,RWF
RN3,RWP
RN3,RA2
RN3,RGN
RN5,RN5
RN5,RGN
RN5,RN3
RN5,RXQ
RN5,RD1
RN5,RHW
RN5,RGT
RN5,RWF
RN5,RTE
RN5,RYR
RN5,RWP
RN7,RN7
RN7,RAJ
RN7,RPA
RN7,RQW
RN7,R0D
RN7,RJ6
RN7,RTP
RN7,RVR
RN7,RYR
RN7,RJR
RNA,RNA
RNA,RLT
RNA,RNS
RNA,RBK
RNA,RFR
RNA,RAE
RNA,RFF
RNA,RWY
RNA,RFS
RNA,RXF
RNA,RWJ
RNL,RNN
RNL,RK9
RNL,RJL
RNL,REF
RNL,RCX
RNL,RTX
RNL,RLQ
RNL,RH8
RNL,RGP
RNL,RH5
RNL,RA9
RNN,RNN
RNN,RV9
RNN,RH5
RNN,RTQ
RNN,RYF
RNN,RY8
RNN,RY5
RNN,R1D
RNN,RL1
RNN,RBT
RNN,RY2
RNQ,RNQ
RNQ,RNS
RNQ,RFS
RNQ,RCF
RNQ,RK5
RNQ,RXW
RNQ,RC9
RNQ,RLT
RNQ,RWP
RNQ,RCD
RNQ,RJN
RNS,RNS
RNS,RNQ
RNS,RLT
RNS,RD8
RNS,RFS
RNS,RC9
RNS,RK5
RNS,RXW
RNS,RNA
RNS,RWP
RNS,RCF
RNU,RNU
RNU,RNN
RNU,RWX
RNU,RTQ
RNU,RXQ
RNU,RD8
RNU,RH5
RNU,RY8
RNU,RJC
RNU,RN3
RNU,RHW
RNZ,RNZ
RNZ,RH5
RNZ,RGR
RNZ,RBD
RNZ,RH8
RNZ,RWF
RNZ,RTE
RNZ,RLQ
RNZ,RM1
RNZ,RAJ
RP1,RP1
RP1,RYY
RP1,RYW
RP1,RT1
RP1,RY4
RP1,RDR
RP1,RXY
RP1,RYG
RP1,R1D
RP1,RY9
RP1,RY5
RP4,RP4
RP4,RCU
RP4,RQ3
RP4,RYV
RP4,RYX
RP4,RV3
RP4,RBS
RP4,RAT
RP4,RQY
RP4,RAN
RP4,RNU
RP5,RP5
RP5,RRF
RP5,RR7
RP5,RFF
RP5,RFR
RP5,RJL
RP5,RM3
RP5,RWW
RP5,R0B
RP5,RWJ
RP5,RBT
RP6,RP6
RP6,RAN
RP6,RJ1
RP6,RPY
RP6,RYX
RP6,RJ7
RP6,RPC
RP6,RQY
RP6,RKE
RP6,RRV
RP6,RWK
RP7,RP7
RP7,RMY
RP7,RY3
RP7,RTQ
RP7,RXG
RP7,R1A
RP7,RVN
RP7,RLY
RP7,RXE
RP7,RT1
RP7,RXM
RPA,RPA
RPA,RJR
RPA,RAJ
RPA,RRF
RPA,R0D
RPA,RN7
RPA,RA7
RPA,RBT
RPA,RTF
RPC,RPC
RPC,RAN
RPC,RJ1
RPC,RTP
RPC,RPY
RPC,RTQ
RPC,RQW
RPC,RA2
RPC,RL1
RPC,RN7
RPC,RBT
RPG,RPG
RPG,R1L
RPG,RWR
RPG,RVN
RPG,RWK
RPG,RXY
RPG,RV3
RPG,RV5
RPG,RQY
RPG,RAT
RPG,RXE
RPY,RPY
RPY,RJ1
RPY,RP6
RPY,RAN
RPY,RBV
RPY,RPC
RPY,REN
RPY,RGM
RPY,RBQ
RPY,RL1
RPY,RTP
RQ3,RQ3
RQ3,RCU
RQ3,RBS
RQ3,RAE
RQ3,RFR
RQ3,RY7
RQ3,RY5
RQ3,RBK
RQ3,RMP
RQ3,RMC
RQ3,RAT
RQ6,REM
RQ6,RBL
RQ6,R0B
RQ6,RR7
RQ6,RM3
RQ6,RXL
RQ6,RVW
RQ6,RMC
RQ8,RAJ
RQ8,RD1
RQ8,RJR
RQ8,RTE
RQ8,RJN
RQ8,RQW
RQ8,RYR
RQ8,RH5
RQ8,RBT
RQ8,RPA
RQ8,RWF
RQM,RQM
RQM,R1K
RQM,RYJ
RQM,RJ1
RQM,RAX
RQM,RJZ
RQM,RAL
RQM,RJ6
RQM,RJ7
RQM,RTK
RQM,RF4
RQW,RQW
RQW,RTP
RQW,RN7
RQW,RWH
RQW,RAS
RQW,RAJ
RQW,RC9
RQW,RWG
RQW,RD1
RQW,RXQ
RQX,RQX
RQX,RKE
RQX,RAP
RQX,RJ6
RQX,RJ2
RQX,RAS
RQX,RYJ
RQX,RQM
RQX,R1K
RQX,RM3
RQX,RJ7
RQY,RQY
RQY,RYX
RQY,RV3
RQY,RWK
RQY,RAT
RQY,RWX
RQY,RV5
RQY,RAN
RQY,RAS
RQY,RJ6
RQY,RWR
RR7,RR7
RR7,RRF
RR7,RVW
RR7,RWW
RR7,R0B
RR7,RBL
RR7,RXL
RR7,RP5
RR7,RM3
RR7,RGP
RR8,RR8
RR8,RX1
RR8,RHQ
RR8,RXF
RR8,RM3
RR8,RTD
RR8,RJE
RR8,RL4
RR8,RTG
RR8,RXR
RR8,RWY
RRE,RRE
RRE,RX3
RRE,RHA
RRE,RT5
RRE,R1C
RRE,RW1
RRE,R1A
RRE,RDY
RRE,RX2
RRE,RW5
RRE,RGD
RRF,RRF
RRF,RR7
RRF,RP5
RRF,RM3
RRF,RWW
RRF,R0B
RRF,RPA
RRF,RXL
RRF,RWJ
RRF,RFR
RRF,RBL
RRJ,RRJ
RRJ,RY8
RRJ,RXG
RRJ,RET
RRJ,RBQ
RRJ,RFR
RRJ,RBV
RRJ,RAN
RRJ,RLY
RRJ,RNA
RRJ,RLT
RRK,RRK
RRK,R0A
RRK,RJE
RRK,RHQ
RRK,RTG
RRK,RX1
RRK,RKB
RRK,R1H
RRK,RVV
RRK,RR8
RRK,RHM
RRV,RRV
RRV,RYJ
RRV,RJ1
RRV,RJ7
RRV,RAL
RRV,R1K
RRV,RJ6
RRV,RQM
RRV,RKE
RRV,RF4
RRV,R1H
RT1,RT1
RT1,RY3
RT1,RXY
RT1,RYG
RT1,RMY
RT1,R1L
RT1,RP7
RT1,RP1
RT1,RY4
RT1,RWV
RT1,RXE
RT3,RJ1
RT3,RPY
RT3,RAN
RT3,RP6
RT3,RPC
RT3,RTP
RT3,RJ7
RT3,RAX
RT3,RA2
RT3,RBV
RT3,RN7
RT5,RT5
RT5,RHA
RT5,RGD
RT5,RY8
RT5,RXM
RT5,R1A
RT5,RXT
RT5,RVN
RT5,RWX
RT5,RY5
RT5,RWR
RTD,RTD
RTD,RR8
RTD,RDE
RTD,R0B
RTD,RA7
RTD,RYR
RTD,RK9
RTD,RTF
RTD,RM3
RTE,RTE
RTE,RD1
RTE,RWP
RTE,RWF
RTE,RYR
RTE,RH5
RTE,RAJ
RTE,RGR
RTE,RN3
RTE,RM1
RTE,RA9
RTF,RTF
RTF,RA9
RTF,RK9
RTF,R1F
RTF,RJL
RTF,RH5
RTF,RJR
RTF,RGP
RTF,RPA
RTF,RXP
RTF,RRF
RTG,RTG
RTG,RX1
RTG,RKB
RTG,RHQ
RTG,RR8
RTG,RWE
RTG,RXF
RTG,RWP
RTG,RNS
RTG,RJE
RTG,RK5
RTH,RTH
RTH,RGT
RTH,RHW
RTH,RDU
RTH,RX1
RTH,RWE
RTH,RN5
RTH,RXQ
RTH,RTG
RTH,RCB
RTH,RN3
RTK,RTK
RTK,RWG
RTK,RAX
RTK,RTP
RTK,R1K
RTK,RC9
RTK,RA2
RTK,RVR
RTK,RHW
RTK,RQM
RTK,RXQ
RTP,RTP
RTP,RQW
RTP,RWG
RTP,RN7
RTP,RA2
RTP,RAX
RTP,RXQ
RTP,RWH
RTP,RTK
RTP,RC9
RTP,RD1
RTQ,RTQ
RTQ,RVN
RTQ,RP7
RTQ,RMY
RTQ,RXA
RTQ,RLY
RTQ,RYF
RTQ,RWR
RTQ,RV9
RTQ,RXG
RTQ,R1A
RTR,RTR
RTR,RXN
RTR,RTX
RTR,RK9
RTR,RH8
RTR,RXF
RTR,RXC
RTR,RYR
RTR,RJE
RTR,RJL
RTR,REF
RTV,RW4
RTV,RX4
RTV,RW5
RTV,RAT
RTV,RY5
RTV,RMC
RTV,RV9
RTV,R1L
RTV,RXA
RTV,RXE
RTX,RTX
RTX,RK9
RTX,RH8
RTX,RJL
RTX,RWD
RTX,RNN
RTX,R1F
RTX,RA9
RTX,RH5
RTX,RTR
RTX,RJR
RV3,RV3
RV3,RQY
RV3,RAT
RV3,RYX
RV3,RV5
RV3,RWK
RV3,RWX
RV3,RPG
RV3,RXX
RV3,RAN
RV3,RWR
RV5,RV5
RV5,RWK
RV5,RV3
RV5,RQY
RV5,RVN
RV5,RPG
RV5,RWR
RV5,RGD
RV5,RAT
RV5,RYX
RV5,R1C
RV9,RV9
RV9,RH5
RV9,RNN
RV9,RYF
RV9,RTQ
RV9,RY5
RV9,RW5
RV9,RY2
RV9,R1D
RV9,RY8
RV9,RET
RVJ,RVJ
RVJ,RYR
RVJ,RXC
RVJ,R0D
RVJ,RJR
RVJ,RD1
RVJ,RA7
RVJ,RWJ
RVJ,RHU
RVJ,RK9
RVN,RVN
RVN,RWR
RVN,RGD
RVN,RXA
RVN,RTQ
RVN,R1C
RVN,RMY
RVN,R1A
RVN,R1L
RVN,RP7
RVN,RT5
RVR,RVR
RVR,RJ6
RVR,RN7
RVR,RJ7
RVR,RAS
RVR,RWH
RVR,RTP
RVR,RAX
RVR,RF4
RVR,RWG
RVR,RQW
RVV,RVV
RVV,RCB
RVV,RJE
RVV,RHM
RVV,RTR
RVV,RXC
RVV,REF
RVV,RDE
RVV,RVJ
RVV,RH8
RVV,RR8
RVW,RVW
RVW,RR7
RVW,R0B
RVW,RBL
RVW,RWW
RVW,RGP
RVW,RRF
RVW,RXL
RVW,RJL
RVW,RP5
RVY,RBN
RVY,RWW
RVY,RGP
RVY,RBL
RVY,RR7
RVY,RJR
RVY,RVW
RVY,RXL
RVY,RJN
RVY,RJL
RVY,R0B
RW1,RW1
RW1,RDY
RW1,R1A
RW1,RX2
RW1,R1C
RW1,RWX
RW1,RXY
RW1,R1L
RW1,R1D
RW1,RV9
RW1,RY2
RW4,RW4
RW4,RX4
RW4,REP
RW4,RMC
RW4,RY7
RW4,RMP
RW4,RW5
RW4,RXR
RW4,RXT
RW4,RXA
RW5,RW5
RW5,RY2
RW5,RXA
RW5,RX4
RW5,RV9
RW5,RHA
RW5,RXG
RW5,RT5
RW5,RY5
RW5,RY8
RW5,RET
RW6,RM3
RW6,RXR
RW6,RXF
RW6,RR8
RW6,RMC
RW6,RP5
RW6,R0B
RW6,REM
RW6,RMP
RW6,RAE
RWA,RWA
RWA,RK9
RWA,RJL
RWA,RYR
RWA,RA9
RWA,RBN
RWA,RHU
RWA,RJR
RWA,RXC
RWA,R0B
RWA,RA7
RWD,RWD
RWD,RM1
RWD,RTX
RWD,RH8
RWD,RWP
RWD,RLQ
RWD,RXW
RWD,REF
RWD,RCB
RWD,RNN
RWD,RK9
RWE,RWE
RWE,RX1
RWE,RTG
RWE,RK5
RWE,RTH
RWE,RR8
RWE,RWP
RWE,RWY
RWE,RHW
RWE,RHQ
RWE,RNS
RWF,RWF
RWF,RD1
RWF,RTE
RWF,RYR
RWF,RBD
RWF,RAJ
RWF,RGR
RWF,RA2
RWF,RN3
RWF,RH5
RWF,RTP
RWG,RWG
RWG,RTK
RWG,RAX
RWG,RTP
RWG,RC9
RWG,R1K
RWG,RXQ
RWG,RAS
RWG,RQW
RWG,RHW
RWG,RVR
RWH,RWH
RWH,RQW
RWH,RTP
RWH,RAS
RWH,RXQ
RWH,RNS
RWH,RNQ
RWH,RVR
RWH,RC9
RWH,RAJ
RWJ,RWJ
RWJ,RBT
RWJ,RRF
RWJ,RJN
RWJ,RJR
RWJ,RWW
RWJ,R0D
RWJ,RXF
RWJ,RP5
RWJ,RPA
RWK,RWK
RWK,RV5
RWK,RQY
RWK,RV3
RWK,RAT
RWK,RYX
RWK,RPG
RWK,RVN
RWK,REP
RWK,RGD
RWK,RWR
RWP,RWP
RWP,RTE
RWP,RXW
RWP,RD1
RWP,RNQ
RWP,RK5
RWP,RWD
RWP,RFS
RWP,RH5
RWP,RGR
RWP,RTX
RWR,RWR
RWR,RVN
RWR,RPG
RWR,R1A
RWR,RTQ
RWR,R1L
RWR,RT5
RWR,RWX
RWR,RMY
RWR,RGD
RWR,RQY
RWV,RWV
RWV,RT1
RWV,RXY
RWV,R1L
RWV,RY3
RWV,RMY
RWV,RXE
RWV,RX2
RWV,RP7
RWV,RYY
RWV,RPG
RWW,RWW
RWW,RBL
RWW,RR7
RWW,RRF
RWW,RXL
RWW,RGP
RWW,RVW
RWW,RBN
RWW,RMC
RWW,RJR
RWW,RWJ
RWX,RWX
RWX,RY8
RWX,RXX
RWX,RT5
RWX,RQY
RWX,RV3
RWX,RWR
RWX,R1D
RWX,RY2
RWX,RW1
RWX,RPC
RWY,RWY
RWY,RK5
RWY,RFR
RWY,RFS
RWY,RC9
RWY,RFF
RWY,RL4
RWY,RWJ
RWY,RP5
RWY,RWP
RWY,RNA
RX1,RX1
RX1,RTG
RX1,RR8
RX1,RKB
RX1,RHQ
RX1,RXF
RX1,RJE
RX1,RWE
RX1,RK5
RX1,RWP
RX1,RL4
RX2,RX2
RX2,R1L
RX2,RXY
RX2,R1C
RX2,RDY
RX2,RVN
RX2,RW1
RX2,R1A
RX2,RMY
RX2,RPG
RX2,RWR
RX3,RX3
RX3,RVN
RX3,RT5
RX3,RGD
RX3,RX4
RX3,RHA
RX3,R1C
RX3,RX2
RX3,RXA
RX3,R1A
RX3,RW5
RX4,RX4
RX4,RW5
RX4,RW4
RX4,RY2
RX4,RHA
RX4,RGD
RX4,RXA
RX4,RY5
RX4,RV9
RX4,RAT
RX4,RXR
RXA,RXA
RXA,RVN
RXA,RW5
RXA,RXG
RXA,RTQ
RXA,RMY
RXA,RGD
RXA,RLY
RXA,RET
RXA,RXM
RXA,RXE
RXC,RXC
RXC,RA9
RXC,RK9
RXC,RVJ
RXC,RYR
RXC,RJL
RXC,RTF
RXC,RXL
RXC,RJR
RXC,R0D
RXE,RXE
RXE,RMY
RXE,RP7
RXE,R1L
RXE,RXA
RXE,RLY
RXE,RVN
RXE,RGD
RXE,RXG
RXE,RT1
RXE,RPG
RXF,RXF
RXF,RM3
RXF,RR8
RXF,RWJ
RXF,RXR
RXF,RX1
RXF,RXN
RXF,RKB
RXF,RP5
RXF,RK5
RXF,RTR
RXG,RXG
RXG,RXM
RXG,RXA
RXG,RLY
RXG,RRJ
RXG,RP7
RXG,RET
RXG,RW5
RXG,RTQ
RXG,RY8
RXG,RBQ
RXH,RYR
RXH,RA7
RXH,RVJ
RXH,RXC
RXH,R0D
RXH,RJR
RXH,RPA
RXH,RD1
RXH,RAJ
RXK,RXK
RXK,RAE
RXK,RBK
RXK,RM3
RXK,RL4
RXK,RNA
RXK,RR8
RXK,RXR
RXK,RFR
RXK,RWY
RXK,RMC
RXL,RXL
RXL,RBL
RXL,RR7
RXL,RWW
RXL,RRF
RXL,RVW
RXL,RMC
RXL,R0B
RXL,RXC
RXL,RA9
RXL,RP5
RXM,RXM
RXM,RXG
RXM,RT5
RXM,RP7
RXM,RXT
RXM,RXA
RXM,RHA
RXM,RY8
RXM,RLY
RXM,RRJ
RXM,RTQ
RXN,RXN
RXN,RTR
RXN,RXF
RXN,RTX
RXN,RK9
RXN,RXC
RXN,RH8
RXN,RYR
RXN,RWW
RXN,RVJ
RXN,RJL
RXP,RXP
RXP,RTF
RXP,RA9
RXP,RGP
RXP,RP5
RXP,RJL
RXP,RK9
RXP,RXW
RXP,RH5
RXP,RRF
RXP,RFS
RXQ,RXQ
RXQ,RD8
RXQ,RHW
RXQ,RN3
RXQ,RTP
RXQ,RN5
RXQ,RC9
RXQ,RWH
RXQ,RA2
RXQ,RWG
RXQ,RD1
RXR,RXR
RXR,RMC
RXR,RM3
RXR,RXF
RXR,RBL
RXR,REM
RXR,RMP
RXR,RXL
RXR,RWW
RXR,RP5
RXR,RVW
RXT,RXT
RXT,RGD
RXT,RHA
RXT,RT5
RXT,RXM
RXT,RLY
RXT,RBK
RXT,RXG
RXT,RX4
RXT,RWK
RXT,RRJ
RXW,RXW
RXW,RFS
RXW,RWP
RXW,RCF
RXW,RNQ
RXW,RCD
RXW,RH5
RXW,RJC
RXW,RNS
RXW,RWD
RXW,RGR
RXX,RXX
RXX,RWX
RXX,RV3
RXX,RXY
RXX,RWR
RXX,RQY
RXX,RPG
RXX,R1L
RXX,RAT
RXX,RP1
RXX,RX2
RXY,RXY
RXY,R1L
RXY,RX2
RXY,RDR
RXY,RT1
RXY,RYY
RXY,RDY
RXY,RPG
RXY,RMY
RXY,RP1
RXY,RWV
RY2,RY2
RY2,RW5
RY2,RY8
RY2,RV9
RY2,RY7
RY2,RY5
RY2,RET
RY2,RX4
RY2,RXL
RY2,RH5
RY2,RNN
RY3,RY3
RY3,RMY
RY3,RP7
RY3,RT1
RY3,RTQ
RY3,R1L
RY3,RXE
RY3,R1A
RY3,RXY
RY3,RWV
RY3,RVN
RY4,RY4
RY4,RP1
RY4,RYY
RY4,RT1
RY4,RDR
RY4,RY9
RY4,RXY
RY4,RXX
RY4,RY3
RY4,RPG
RY4,R1D
RY5,RY5
RY5,RY8
RY5,RNN
RY5,RV9
RY5,RH5
RY5,R1D
RY5,RY2
RY5,RHA
RY5,RTQ
RY5,RT5
RY5,RAT
RY6,RY6
RY6,RYG
RY6,RP1
RY6,RY9
RY6,RT1
RY6,RYY
RY6,RY4
RY6,RWV
RY6,RYW
RY6,RPG
RY6,RW4
RY7,RY7
RY7,REP
RY7,RET
RY7,RY2
RY7,RH5
RY7,RAT
RY7,RV9
RY7,RLY
RY7,RR7
RY7,RVW
RY7,RXL
RY8,RY8
RY8,R1D
RY8,RY5
RY8,RT5
RY8,RNN
RY8,RY2
RY8,RRJ
RY8,RWX
RY8,RV9
RY8,RHA
RY8,RH5
RY9,RY9
RY9,RYY
RY9,RY4
RY9,RP1
RY9,RDR
RY9,RXX
RY9,RPG
RY9,RYW
RY9,RT1
RY9,RY6
RY9,RXY
RYF,RYF
RYF,RH5
RYF,RV9
RYF,RNN
RYF,RTQ
RYF,RY5
RYF,RY8
RYF,RMY
RYF,RY7
RYF,RY2
RYG,RYG
RYG,RT1
RYG,RP1
RYG,RXE
RYG,RMY
RYG,RP7
RYG,RXM
RYG,RWR
RYG,RLY
RYG,R1L
RYG,RY3
RYJ,RYJ
RYJ,RAL
RYJ,RJ1
RYJ,RRV
RYJ,RJ7
RYJ,RQM
RYJ,RJZ
RYJ,R1K
RYJ,RF4
RYJ,RJ6
RYJ,RKE
RYR,RYR
RYR,RD1
RYR,RJR
RYR,RTE
RYR,RVJ
RYR,RAJ
RYR,RWF
RYR,R0D
RYR,RHU
RYV,RYV
RYV,RCU
RYV,RP4
RYV,RY6
RYV,RYF
RYV,RTQ
RYV,RQ3
RYV,RNU
RYV,RP1
RYV,RYG
RYV,RY4
RYW,RYW
RYW,RP1
RYW,RYY
RYW,R1D
RYW,RXY
RYW,RFR
RYW,RDR
RYW,RBK
RYW,RL4
RYW,RWY
RYW,RLT
RYX,RYX
RYX,RQY
RYX,RV3
RYX,RAN
RYX,RWK
RYX,RP6
RYX,RAT
RYX,RPC
RYX,RKE
RYX,RY7
RYX,RAS
RYY,RYY
RYY,RDR
RYY,RP1
RYY,RXY
RYY,RY4
RYY,RY9
RYY,RYW
RYY,RT1
RYY,RXX
RYY,R1D
RYY,R1L
